{"chunk_definitions":[{"row":10,"row_count":1,"visible":true,"expansion_state":0,"options":{"engine":"r","label":"setup","include":false,"dev":"png"},"document_id":"8F91DB5B","chunk_id":"csetup_chunk","chunk_label":"setup"},{"row":15,"row_count":1,"visible":true,"expansion_state":0,"options":{"engine":"r","label":"unnamed-chunk-2","dev":"png"},"document_id":"8F91DB5B","chunk_id":"ccomlx59rfyua","chunk_label":"unnamed-chunk-1"}],"doc_write_time":0,"working_dir":null,"default_chunk_options":{"echo":true}}